[
  {
    "title": "Słówko dnia: Suwerenność cyfrowa",
    "date": "2025-08-17",
    "category": "Słownik DCE",
    "url": "#slowko",
    "summary": "Twoja kontrola nad danymi i narzędziami online."
  },
  {
    "title": "Bezpieczne zakupy w sieci – przewodnik",
    "date": "2025-08-16",
    "category": "Codzienne sprawy",
    "url": "#sprawy",
    "summary": "Jak rozpoznać fałszywe sklepy i płacić bezpiecznie."
  },
  {
    "title": "Seniorzy na YouTube – inspiracje",
    "date": "2025-08-15",
    "category": "Zainspiruj się",
    "url": "#zainspiruj",
    "summary": "Kanały 60+, które warto znać."
  },
  {
    "title": "AI do tłumaczeń – jak zacząć",
    "date": "2025-08-14",
    "category": "Sztuczna inteligencja",
    "url": "#ai",
    "summary": "Szybki start bez żargonu."
  },
  {
    "title": "Prywatność na Facebooku – 10 ustawień",
    "date": "2025-08-13",
    "category": "Media społecznościowe",
    "url": "#media",
    "summary": "Proste zmiany zwiększające bezpieczeństwo."
  }
]