[
  {
    "title": "Start tematu miesiąca: Media społecznościowe",
    "date": "2025-08-18",
    "category": "Nowość",
    "url": "media.html",
    "summary": "Ustaw prywatność, włącz 2FA i blokuj natrętów – prosto i bezpiecznie."
  },
  {
    "title": "IKP: e‑recepta bez stresu",
    "date": "2025-08-16",
    "category": "Codzienne sprawy",
    "url": "sprawy.html",
    "summary": "Gdzie znaleźć recepty i jak okazać kod w aptece."
  },
  {
    "title": "AI do tłumaczeń – jak zacząć",
    "date": "2025-08-14",
    "category": "Sztuczna inteligencja",
    "url": "ai.html",
    "summary": "Szybkie tłumaczenie listów i wiadomości w 3 krokach."
  }
]