[
  {
    "term": "Profil prywatny",
    "def": "Ustawienie, które ogranicza widoczność Twoich treści tylko do znajomych.",
    "cat": "media"
  },
  {
    "term": "2FA (dwuskładnikowe logowanie)",
    "def": "Dodatkowe zabezpieczenie – poza hasłem wpisujesz kod z SMS lub aplikacji.",
    "cat": "media"
  },
  {
    "term": "Zgłaszanie treści",
    "def": "Informowanie serwisu o naruszeniach (np. obraźliwe komentarze).",
    "cat": "media"
  },
  {
    "term": "Phishing",
    "def": "Fałszywe wiadomości i strony wyłudzające hasła lub dane.",
    "cat": "media"
  },
  {
    "term": "Deepfake",
    "def": "Sztucznie wygenerowane wideo lub dźwięk, które udaje prawdziwe.",
    "cat": "media"
  },
  {
    "term": "IKP (Internetowe Konto Pacjenta)",
    "def": "Miejsce w sieci z Twoimi e‑receptami, skierowaniami i historią leczenia.",
    "cat": "sprawy"
  },
  {
    "term": "e‑Recepta",
    "def": "Recepta w telefonie – wystarczy podać w aptece kod i PESEL.",
    "cat": "sprawy"
  },
  {
    "term": "Generator tekstu (AI)",
    "def": "Program, który pomaga pisać maile, notatki lub streszczenia.",
    "cat": "ai"
  },
  {
    "term": "Rozpoznawanie obrazu (AI)",
    "def": "Narzędzie, które opisuje co jest na zdjęciu (przydatne dla słabszego wzroku).",
    "cat": "ai"
  },
  {
    "term": "Aktualizacja systemu",
    "def": "Instalacja poprawek zwiększających bezpieczeństwo telefonu/komputera.",
    "cat": "nowinki"
  },
  {
    "term": "Kopia zapasowa",
    "def": "Zapasowa kopia ważnych danych – ratuje zdjęcia i dokumenty.",
    "cat": "nowinki"
  }
]