[
  {
    "title": "Słówko dnia: Suwerenność cyfrowa",
    "date": "2025-08-17",
    "category": "Słownik DCE",
    "url": "index.html#slowo-dnia",
    "summary": "Twoja niezależność w świecie online: dane, narzędzia i decyzje pod kontrolą użytkownika."
  },
  {
    "title": "Nowy przewodnik: Jak bezpiecznie korzystać z ePUAP i mObywatel",
    "date": "2025-08-16",
    "category": "Codzienne sprawy",
    "url": "sprawy.html",
    "summary": "Praktyczne kroki, 2FA, rozpoznawanie fałszywych stron i komunikatów."
  },
  {
    "title": "AI w edukacji: 5 sposobów na mądre wykorzystanie",
    "date": "2025-08-15",
    "category": "Sztuczna inteligencja",
    "url": "ai.html",
    "summary": "Tłumaczenia, planowanie, kreatywność i higiena danych w pracy z AI."
  },
  {
    "title": "Nowinki tygodnia: aktualizacje przeglądarek i bezpieczeństwo",
    "date": "2025-08-15",
    "category": "Nowinki technologiczne",
    "url": "nowinki.html",
    "summary": "Dlaczego aktualizacje są kluczowe i jak ustawić automatyczne aktualizacje."
  },
  {
    "title": "Playlisty dla mózgu: podcasty do krytycznego myślenia",
    "date": "2025-08-14",
    "category": "Posłuchaj",
    "url": "posluchaj.html",
    "summary": "Zestaw audycji o weryfikacji informacji, fact-checkingu i debacie."
  },
  {
    "title": "Zwiedzaj bez biletu: 10 wirtualnych spacerów po muzeach",
    "date": "2025-08-13",
    "category": "Obejrzyj",
    "url": "obejrzyj.html",
    "summary": "Od Luwru po Muzeum Powstania Warszawskiego – najciekawsze trasy."
  }
]